{"cameraMode":{"drawMode":0,"name":"Shaded","section":"Shading Mode"},"sceneLighting":true,"audioPlay":false,"sceneViewState":{"m_AlwaysRefresh":false,"showFog":true,"showSkybox":true,"showFlares":true,"showImageEffects":true,"showParticleSystems":true,"showVisualEffectGraphs":true,"m_FxEnabled":true},"in2DMode":false,"pivot":{"x":-0.36449480056762698,"y":2.052096366882324,"z":-1.9168057441711426},"rotation":{"x":0.36342090368270876,"y":0.06559707224369049,"z":-0.025670591741800309,"w":0.928987979888916},"size":11.153329849243164,"orthographic":true}